Epoch,Accuracy,Loss,Precision,Recall,F1-Score,Log-Loss,Perplexity,Training Time (s),Memory Usage (MB)
1,0.5903430908668355,5.123101388021048,0.6089580635648455,0.6228668339562174,0.61735933269835,4.7270348563218985,119.76738267862791,302.81331654011825,8.321934384196775
2,0.6229727618916019,4.8208551636369,0.6289929644908122,0.6464475654291462,0.6389618304899567,4.655084070984662,111.12531444117299,325.24409392569544,9.368932997221494
3,0.6441908529080159,4.486647932741836,0.655930813171569,0.6646246266393823,0.6638671378591628,4.251164403143375,80.02461495702707,340.9567786655568,9.607444820588611
4,0.6677515624130224,4.2593932184550765,0.6822574181911301,0.7021209460105131,0.6970222247733605,3.7583231671038244,36.105920912442905,368.8552437827393,11.046630113636937
5,0.690080002496846,3.987056134925146,0.6915901971297354,0.7114903358982521,0.7009851669216373,2.735873175791369,14.724813662742326,401.64192477917146,11.647199961320975
