Epoch,Accuracy,Loss,Precision,Recall,F1-Score,Log-Loss,Perplexity,Training Time (s),Memory Usage (MB)
1,0.7606571142798705,3.352068894091772,0.7352985291403862,0.7651661311984057,0.7487462651097901,3.6197993210834536,30.451015951476748,433.8588572984636,18.831394870958462
2,0.7885743277921359,3.3194885060552624,0.7621537416690715,0.7760537640187324,0.7705402730292048,3.307128829360312,23.88938570724391,458.34452134001265,19.002672388725145
3,0.8187017491293515,2.9542841917478193,0.7820865944567529,0.8094001336252032,0.7990593144522247,2.88430329364915,10.817815063406638,474.94762119780336,19.99391753310977
4,0.8407335130978137,2.600840737639661,0.8159896438401847,0.8257682276172645,0.8241243706639559,2.3349691108436827,13.780441880259536,504.6674744890569,21.587190793157266
5,0.8529054780909877,2.5235130445707954,0.8443246845396815,0.8606695324962073,0.849850648997213,2.064918189349781,4.959942750474057,537.3029690273595,21.558683801619836
