Epoch,Accuracy,Loss,Precision,Recall,F1-Score,Log-Loss,Perplexity,Training Time (s),Memory Usage (MB)
1,0.7458523177234947,3.4308501815535237,0.7269887058096725,0.7540890404583898,0.7405085530767577,3.5458974358596134,29.237603757443644,416.3729505331107,16.753583462005324
2,0.7743425141164262,3.0858743934406294,0.7606605932248975,0.7698249450326716,0.7636121346255341,3.207690054871013,26.36767350936362,425.40060525636915,17.85349897772599
3,0.8096858995184892,3.064199936250033,0.7793082743589826,0.8016778239098227,0.7897991941605161,2.7756117554213238,26.034049258172786,461.6732972792962,18.562368700847113
4,0.8301528587127069,2.5578463013625248,0.8064463395731012,0.816878839737017,0.8156665828941079,2.2873769268810284,15.802734879182397,469.2209232829042,18.14805212871352
5,0.8442462573694,2.569677175664685,0.8241293090435051,0.8588225801027615,0.8387925989113022,1.9482735861823577,16.748213810060292,504.0708040672173,20.107613340186205
